Case ID,Activity,Resource,Complete Timestamp,Variant,Variant index,concept:name,impact,lifecycle:transition,org:group,org:role,organization country,organization involved,product,resource country
1-357610411,Accepted-In Progress,Reine,2010/03/02 18:41:18.000,Variant 1,1,Accepted,Low,In Progress,Org line G4,,se,S28 2nd,PROD633,Sweden
1-357610411,Accepted-Wait,Reine,2010/09/19 15:21:17.000,Variant 1,1,Accepted,Low,Wait,Org line G4,,se,S28 2nd,PROD633,Sweden
1-357610411,Completed-Closed,Reine,2012/02/01 23:42:48.000,Variant 1,1,Completed,Low,Closed,Org line G4,,se,S28 2nd,PROD633,Sweden
1-358776870,Accepted-In Progress,Katarzyna,2010/03/08 16:17:56.000,Variant 1,1,Accepted,Medium,In Progress,Org line A2,A2_2,se,G357 2nd,PROD740,POLAND
1-358776870,Accepted-Wait,Katarzyna,2010/03/08 16:19:32.000,Variant 1,1,Accepted,Medium,Wait,Org line A2,A2_2,se,G357 2nd,PROD740,POLAND
1-358776870,Completed-Closed,Katarzyna,2012/03/30 16:59:03.000,Variant 1,1,Completed,Medium,Closed,Org line A2,A2_2,se,G357 2nd,PROD740,POLAND
1-360667704,Accepted-In Progress,Barbara,2010/03/16 15:44:27.000,Variant 1,1,Accepted,Medium,In Progress,Org line A2,A2_2,se,G357 2nd,PROD740,POLAND
1-360667704,Accepted-Wait,Barbara,2010/06/15 15:42:52.000,Variant 1,1,Accepted,Medium,Wait,Org line A2,A2_2,se,G357 2nd,PROD740,POLAND
1-360667704,Completed-Closed,Barbara,2012/03/30 18:17:27.000,Variant 1,1,Completed,Medium,Closed,Org line A2,A2_2,se,G357 2nd,PROD740,POLAND
1-386495623,Accepted-In Progress,Lena,2010/07/15 16:35:37.000,Variant 1,1,Accepted,Medium,In Progress,Org line A2,A2_3,se,G354 3rd,PROD729,Sweden
1-386495623,Accepted-Wait,Lena,2010/07/15 16:39:54.000,Variant 1,1,Accepted,Medium,Wait,Org line A2,A2_3,se,G354 3rd,PROD729,Sweden
1-386495623,Completed-Closed,Lena,2012/03/20 23:18:28.000,Variant 1,1,Completed,Medium,Closed,Org line A2,A2_3,se,G354 3rd,PROD729,Sweden
1-402212071,Accepted-In Progress,Helene,2010/09/16 16:24:07.000,Variant 1,1,Accepted,Medium,In Progress,Org line G4,,se,S30 2nd,PROD412,Sweden
1-402212071,Accepted-Wait,Helene,2010/12/29 18:21:28.000,Variant 1,1,Accepted,Medium,Wait,Org line G4,,se,S30 2nd,PROD412,Sweden
1-402212071,Completed-Closed,Helene,2012/01/16 21:49:15.000,Variant 1,1,Completed,Medium,Closed,Org line G4,,se,S30 2nd,PROD412,Sweden
1-404005175,Accepted-In Progress,Per,2010/09/23 22:32:09.000,Variant 1,1,Accepted,Low,In Progress,Org line G4,,se,S33 2nd,PROD304,Sweden
1-404005175,Accepted-Wait,Per,2010/12/05 20:28:02.000,Variant 1,1,Accepted,Low,Wait,Org line G4,,se,S33 2nd,PROD304,Sweden
1-404005175,Completed-Closed,Per,2012/01/26 19:06:11.000,Variant 1,1,Completed,Low,Closed,Org line G4,,se,S33 2nd,PROD304,Sweden
1-413276708,Accepted-In Progress,Rune,2010/10/25 21:20:49.000,Variant 1,1,Accepted,Medium,In Progress,Org line A2,A2_4,us,L23 3rd,PROD521,Sweden
1-413276708,Accepted-Wait,Rune,2010/10/25 21:40:53.000,Variant 1,1,Accepted,Medium,Wait,Org line A2,A2_4,us,L23 3rd,PROD521,Sweden
1-413276708,Completed-Closed,Rune,2012/05/15 22:27:14.000,Variant 1,1,Completed,Medium,Closed,Org line A2,A2_4,us,L23 3rd,PROD521,Sweden
1-424243405,Accepted-In Progress,Eric,2010/11/25 18:34:35.000,Variant 1,1,Accepted,Medium,In Progress,Org line G4,,se,S33 2nd,PROD374,Sweden
1-424243405,Accepted-Wait,Eric,2011/05/04 14:24:58.000,Variant 1,1,Accepted,Medium,Wait,Org line G4,,se,S33 2nd,PROD374,Sweden
1-424243405,Completed-Closed,Eric,2012/02/15 04:05:03.000,Variant 1,1,Completed,Medium,Closed,Org line G4,,se,S33 2nd,PROD374,Sweden
1-430836105,Accepted-In Progress,Abhinav,2010/12/16 18:11:54.000,Variant 1,1,Accepted,High,In Progress,Org line A2,A2_4,se,G105 2nd,PROD337,Sweden
1-430836105,Accepted-Wait,Abhinav,2010/12/16 18:12:33.000,Variant 1,1,Accepted,High,Wait,Org line A2,A2_4,se,G105 2nd,PROD337,Sweden
1-430836105,Completed-Closed,Abhinav,2012/01/06 17:27:49.000,Variant 1,1,Completed,High,Closed,Org line A2,A2_4,se,G105 2nd,PROD337,Sweden
1-430880486,Accepted-In Progress,Katarina,2010/12/16 18:55:48.000,Variant 1,1,Accepted,Medium,In Progress,Org line G4,,se,S33 2nd,PROD374,Sweden
1-430880486,Accepted-Wait,Katarina,2011/03/22 00:11:52.000,Variant 1,1,Accepted,Medium,Wait,Org line G4,,se,S33 2nd,PROD374,Sweden
1-430880486,Completed-Closed,Katarina,2012/02/29 21:38:04.000,Variant 1,1,Completed,Medium,Closed,Org line G4,,se,S33 2nd,PROD374,Sweden
1-438526021,Accepted-In Progress,Eric,2011/01/12 23:59:25.000,Variant 1,1,Accepted,Medium,In Progress,Org line G4,,se,S33 2nd,PROD374,Sweden
1-438526021,Accepted-Wait,Eric,2011/05/04 14:20:36.000,Variant 1,1,Accepted,Medium,Wait,Org line G4,,se,S33 2nd,PROD374,Sweden
1-438526021,Completed-Closed,Eric,2012/01/09 17:16:26.000,Variant 1,1,Completed,Medium,Closed,Org line G4,,se,S33 2nd,PROD374,Sweden
1-439833168,Accepted-In Progress,Per,2011/01/14 20:10:28.000,Variant 1,1,Accepted,Low,In Progress,Org line G4,,se,S33 2nd,PROD374,Sweden
1-439833168,Accepted-Wait,Per,2011/01/14 21:54:33.000,Variant 1,1,Accepted,Low,Wait,Org line G4,,se,S33 2nd,PROD374,Sweden
1-439833168,Completed-Closed,Per,2012/02/29 22:27:57.000,Variant 1,1,Completed,Low,Closed,Org line G4,,se,S33 2nd,PROD374,Sweden
1-439863114,Accepted-In Progress,Eric,2011/01/14 20:39:54.000,Variant 1,1,Accepted,Low,In Progress,Org line G4,,se,S33 2nd,PROD374,Sweden
1-439863114,Accepted-Wait,Eric,2011/05/04 14:27:15.000,Variant 1,1,Accepted,Low,Wait,Org line G4,,se,S33 2nd,PROD374,Sweden
1-439863114,Completed-Closed,Eric,2012/01/09 17:30:57.000,Variant 1,1,Completed,Low,Closed,Org line G4,,se,S33 2nd,PROD374,Sweden
1-443175071,Accepted-In Progress,Katarina,2011/01/21 00:18:05.000,Variant 1,1,Accepted,Medium,In Progress,Org line G4,,se,S33 2nd,PROD374,Sweden
1-443175071,Accepted-Wait,Katarina,2011/03/22 00:30:18.000,Variant 1,1,Accepted,Medium,Wait,Org line G4,,se,S33 2nd,PROD374,Sweden
1-443175071,Completed-Closed,Katarina,2012/03/19 15:18:42.000,Variant 1,1,Completed,Medium,Closed,Org line G4,,se,S33 2nd,PROD374,Sweden
1-448698916,Accepted-In Progress,Ann,2011/01/24 17:44:16.000,Variant 1,1,Accepted,Medium,In Progress,Org line A2,A2_3,se,G349 3rd,PROD80,Sweden
1-448698916,Accepted-Wait,Ann,2011/12/16 17:31:22.000,Variant 1,1,Accepted,Medium,Wait,Org line A2,A2_3,se,G349 3rd,PROD80,Sweden
1-448698916,Completed-Closed,Ann,2012/03/30 19:22:49.000,Variant 1,1,Completed,Medium,Closed,Org line A2,A2_3,se,G349 3rd,PROD80,Sweden
1-457173714,Accepted-In Progress,Ann,2011/01/27 16:36:28.000,Variant 1,1,Accepted,Medium,In Progress,Org line A2,A2_3,se,G349 3rd,PROD750,Sweden
1-457173714,Accepted-Wait,Ann,2011/12/16 17:31:05.000,Variant 1,1,Accepted,Medium,Wait,Org line A2,A2_3,se,G349 3rd,PROD750,Sweden
1-457173714,Completed-Closed,Ann,2012/05/28 16:34:01.000,Variant 1,1,Completed,Medium,Closed,Org line A2,A2_3,se,G349 3rd,PROD750,Sweden
1-479002951,Accepted-In Progress,Per,2011/02/04 21:21:41.000,Variant 1,1,Accepted,High,In Progress,Org line G4,,se,S33 2nd,PROD374,Sweden
1-479002951,Accepted-Wait,Per,2011/03/13 20:11:06.000,Variant 1,1,Accepted,High,Wait,Org line G4,,se,S33 2nd,PROD374,Sweden
1-479002951,Completed-Closed,Per,2012/02/29 21:27:21.000,Variant 1,1,Completed,High,Closed,Org line G4,,se,S33 2nd,PROD374,Sweden
1-489198755,Accepted-In Progress,Katarina,2011/02/08 23:10:53.000,Variant 1,1,Accepted,Medium,In Progress,Org line G4,,se,S33 2nd,PROD374,Sweden
1-489198755,Accepted-Wait,Katarina,2011/03/22 00:26:55.000,Variant 1,1,Accepted,Medium,Wait,Org line G4,,se,S33 2nd,PROD374,Sweden
1-489198755,Completed-Closed,Katarina,2012/02/14 23:45:26.000,Variant 1,1,Completed,Medium,Closed,Org line G4,,se,S33 2nd,PROD374,Sweden
1-498002861,Accepted-In Progress,Maria,2011/02/16 20:36:35.000,Variant 1,1,Accepted,Medium,In Progress,Org line A2,A2_2,pl,W8 2nd,PROD703,POLAND
1-498002861,Accepted-Wait,Maria,2011/10/27 22:58:55.000,Variant 1,1,Accepted,Medium,Wait,Org line A2,A2_2,pl,W8 2nd,PROD703,POLAND
1-498002861,Completed-Closed,Maria,2012/04/18 15:46:11.000,Variant 1,1,Completed,Medium,Closed,Org line A2,A2_2,pl,W8 2nd,PROD703,POLAND
1-500427383,Accepted-In Progress,Daniel Alf,2011/02/21 16:38:30.000,Variant 1,1,Accepted,Low,In Progress,Org line A2,A2_4,us,L23 3rd,PROD546,Sweden
1-500427383,Accepted-Wait,Daniel Alf,2011/12/07 21:26:32.000,Variant 1,1,Accepted,Low,Wait,Org line A2,A2_4,us,L23 3rd,PROD546,Sweden
1-500427383,Completed-Closed,Daniel Alf,2012/01/02 20:31:52.000,Variant 1,1,Completed,Low,Closed,Org line A2,A2_4,us,L23 3rd,PROD546,Sweden
1-502353485,Accepted-In Progress,Eric,2011/02/23 17:17:42.000,Variant 1,1,Accepted,High,In Progress,Org line G4,,se,S33 2nd,PROD374,Sweden
1-502353485,Accepted-Wait,Eric,2011/05/04 14:18:17.000,Variant 1,1,Accepted,High,Wait,Org line G4,,se,S33 2nd,PROD374,Sweden
1-502353485,Completed-Closed,Eric,2012/03/07 19:28:01.000,Variant 1,1,Completed,High,Closed,Org line G4,,se,S33 2nd,PROD374,Sweden
1-509892697,Accepted-In Progress,Mikael,2011/03/23 23:42:24.000,Variant 1,1,Accepted,Low,In Progress,Org line G4,,se,S33 2nd,PROD374,Sweden
1-509892697,Accepted-Wait,Mikael,2011/04/07 06:13:29.000,Variant 1,1,Accepted,Low,Wait,Org line G4,,se,S33 2nd,PROD374,Sweden
1-509892697,Completed-Closed,Mikael,2012/01/24 00:30:27.000,Variant 1,1,Completed,Low,Closed,Org line G4,,se,S33 2nd,PROD374,Sweden
1-520705880,Accepted-In Progress,Tomas,2011/04/26 23:44:41.000,Variant 1,1,Accepted,High,In Progress,Org line A2,A2_2,cn,M1 2nd,PROD753,Sweden
1-520705880,Accepted-Wait,Tomas,2011/11/15 19:56:41.000,Variant 1,1,Accepted,High,Wait,Org line A2,A2_2,cn,M1 2nd,PROD753,Sweden
1-520705880,Completed-Closed,Tomas,2012/05/29 16:18:46.000,Variant 1,1,Completed,High,Closed,Org line A2,A2_2,cn,M1 2nd,PROD753,Sweden
1-527208576,Accepted-In Progress,Roland,2011/05/20 05:28:42.000,Variant 1,1,Accepted,Low,In Progress,Org line G4,,se,S33 2nd,PROD374,Sweden
1-527208576,Accepted-Wait,Roland,2011/10/27 19:59:32.000,Variant 1,1,Accepted,Low,Wait,Org line G4,,se,S33 2nd,PROD374,Sweden
1-527208576,Completed-Closed,Roland,2012/02/09 05:43:06.000,Variant 1,1,Completed,Low,Closed,Org line G4,,se,S33 2nd,PROD374,Sweden
1-527928641,Accepted-In Progress,Lars,2011/05/23 20:57:39.000,Variant 1,1,Accepted,Medium,In Progress,Org line A2,A2_3,se,U6 2nd,PROD807,Sweden
1-527928641,Accepted-Wait,Lars,2012/01/30 20:21:24.000,Variant 1,1,Accepted,Medium,Wait,Org line A2,A2_3,se,U6 2nd,PROD807,Sweden
1-527928641,Completed-Closed,Lars,2012/03/28 19:34:53.000,Variant 1,1,Completed,Medium,Closed,Org line A2,A2_3,se,U6 2nd,PROD807,Sweden
1-531435394,Accepted-In Progress,Paul,2011/06/07 00:12:34.000,Variant 1,1,Accepted,Medium,In Progress,Org line A2,A2_1,gb,G42 3rd,PROD236,United Kingdom
1-531435394,Accepted-Wait,Paul,2011/06/07 00:26:36.000,Variant 1,1,Accepted,Medium,Wait,Org line A2,A2_1,gb,G42 3rd,PROD236,United Kingdom
1-531435394,Completed-Closed,Paul,2012/02/15 19:50:50.000,Variant 1,1,Completed,Medium,Closed,Org line A2,A2_1,gb,G42 3rd,PROD236,United Kingdom
1-535439201,Accepted-In Progress,Lars,2011/06/21 17:23:47.000,Variant 1,1,Accepted,Medium,In Progress,Org line C,E_3,se,G68 2nd,PROD714,Sweden
1-535439201,Accepted-Wait,Lars,2011/06/21 17:44:50.000,Variant 1,1,Accepted,Medium,Wait,Org line C,E_3,se,G68 2nd,PROD714,Sweden
1-535439201,Completed-Closed,Lars,2012/03/02 16:16:48.000,Variant 1,1,Completed,Medium,Closed,Org line C,E_3,se,G68 2nd,PROD714,Sweden
1-539805130,Accepted-In Progress,Andrew,2011/07/07 21:45:46.000,Variant 1,1,Accepted,Medium,In Progress,Org line A2,A2_1,gb,G42 3rd,PROD236,United Kingdom
1-539805130,Accepted-Wait,Andrew,2011/11/02 00:28:16.000,Variant 1,1,Accepted,Medium,Wait,Org line A2,A2_1,gb,G42 3rd,PROD236,United Kingdom
1-539805130,Completed-Closed,Andrew,2012/02/15 19:13:43.000,Variant 1,1,Completed,Medium,Closed,Org line A2,A2_1,gb,G42 3rd,PROD236,United Kingdom
1-540500545,Accepted-In Progress,Andrew,2011/07/11 20:45:54.000,Variant 1,1,Accepted,Medium,In Progress,Org line A2,A2_1,gb,G42 3rd,PROD236,United Kingdom
1-540500545,Accepted-Wait,Andrew,2011/10/20 18:18:10.000,Variant 1,1,Accepted,Medium,Wait,Org line A2,A2_1,gb,G42 3rd,PROD236,United Kingdom
1-540500545,Completed-Closed,Andrew,2012/05/04 23:05:09.000,Variant 1,1,Completed,Medium,Closed,Org line A2,A2_1,gb,G42 3rd,PROD236,United Kingdom
1-544200884,Accepted-In Progress,Paul,2011/07/29 21:47:54.000,Variant 1,1,Accepted,High,In Progress,Org line A2,A2_1,gb,G42 3rd,PROD236,United Kingdom
1-544200884,Accepted-Wait,Paul,2011/08/01 22:13:25.000,Variant 1,1,Accepted,High,Wait,Org line A2,A2_1,gb,G42 3rd,PROD236,United Kingdom
1-544200884,Completed-Closed,Paul,2012/02/15 19:52:57.000,Variant 1,1,Completed,High,Closed,Org line A2,A2_1,gb,G42 3rd,PROD236,United Kingdom
1-544527205,Accepted-In Progress,Karel,2011/08/01 20:04:46.000,Variant 1,1,Accepted,High,In Progress,Org line C,E_1,us,G13 2nd,PROD398,Belgium
1-544527205,Accepted-Wait,Karel,2011/10/05 18:18:40.000,Variant 1,1,Accepted,High,Wait,Org line C,E_1,us,G13 2nd,PROD398,Belgium
1-544527205,Completed-Closed,Karel,2012/02/06 22:05:47.000,Variant 1,1,Completed,High,Closed,Org line C,E_1,us,G13 2nd,PROD398,Belgium
1-544876956,Accepted-In Progress,Arun,2011/08/03 13:37:05.000,Variant 1,1,Accepted,Low,In Progress,Org line C,E_4,us,G88 2nd,PROD423,INDIA
1-544876956,Accepted-Wait,Arun,2011/12/21 16:12:45.000,Variant 1,1,Accepted,Low,Wait,Org line C,E_4,us,G88 2nd,PROD423,INDIA
1-544876956,Completed-Closed,Arun,2012/01/24 16:17:58.000,Variant 1,1,Completed,Low,Closed,Org line C,E_4,us,G88 2nd,PROD423,INDIA
1-557739965,Accepted-In Progress,Suzanne,2011/08/19 21:05:57.000,Variant 1,1,Accepted,Low,In Progress,Org line V2,,se,T2 2nd,PROD615,Sweden
1-557739965,Accepted-Wait,Suzanne,2011/11/10 00:32:46.000,Variant 1,1,Accepted,Low,Wait,Org line V2,,se,T2 2nd,PROD615,Sweden
1-557739965,Completed-Closed,Suzanne,2012/01/20 00:12:59.000,Variant 1,1,Completed,Low,Closed,Org line V2,,se,T2 2nd,PROD615,Sweden
1-566661201,Accepted-In Progress,Wim,2011/09/02 23:12:56.000,Variant 1,1,Accepted,Low,In Progress,Org line D,D_2,us,G122 3rd,PROD618,Belgium
1-566661201,Accepted-Wait,Wim,2011/09/02 23:20:41.000,Variant 1,1,Accepted,Low,Wait,Org line D,D_2,us,G122 3rd,PROD618,Belgium
1-566661201,Completed-Closed,Wim,2012/01/18 18:58:16.000,Variant 1,1,Completed,Low,Closed,Org line D,D_2,us,G122 3rd,PROD618,Belgium
1-567362335,Accepted-In Progress,Kristijan,2011/09/05 22:04:11.000,Variant 1,1,Accepted,Medium,In Progress,Org line C,C_6,0,N30 3rd,PROD100,Sweden
1-567362335,Accepted-Wait,Kristijan,2011/09/05 22:12:02.000,Variant 1,1,Accepted,Medium,Wait,Org line C,C_6,0,N30 3rd,PROD100,Sweden
1-567362335,Completed-Closed,Kristijan,2012/01/10 15:38:14.000,Variant 1,1,Completed,Medium,Closed,Org line C,C_6,0,N30 3rd,PROD100,Sweden
1-573278049,Accepted-In Progress,Lena,2011/09/12 22:35:54.000,Variant 1,1,Accepted,Medium,In Progress,Org line A2,A2_3,se,S35 2nd,PROD680,Sweden
1-573278049,Accepted-Wait,Lena,2011/12/27 17:48:46.000,Variant 1,1,Accepted,Medium,Wait,Org line A2,A2_3,se,S35 2nd,PROD680,Sweden
1-573278049,Completed-Closed,Lena,2012/01/12 17:24:21.000,Variant 1,1,Completed,Medium,Closed,Org line A2,A2_3,se,S35 2nd,PROD680,Sweden
1-579078207,Accepted-In Progress,Joseph,2011/09/29 18:51:21.000,Variant 1,1,Accepted,Low,In Progress,Org line C,C_6,fr,G286 3rd,PROD646,France
1-579078207,Accepted-Wait,Joseph,2012/01/04 20:34:34.000,Variant 1,1,Accepted,Low,Wait,Org line C,C_6,fr,G286 3rd,PROD646,France
1-579078207,Completed-Closed,Joseph,2012/02/29 21:47:56.000,Variant 1,1,Completed,Low,Closed,Org line C,C_6,fr,G286 3rd,PROD646,France
1-579250167,Accepted-In Progress,Hineesh,2011/09/30 10:22:34.000,Variant 1,1,Accepted,Medium,In Progress,Org line C,E_4,us,G88 2nd,PROD793,INDIA
1-579250167,Accepted-Wait,Hineesh,2012/01/06 04:58:23.000,Variant 1,1,Accepted,Medium,Wait,Org line C,E_4,us,G88 2nd,PROD793,INDIA
1-579250167,Completed-Closed,Hineesh,2012/04/12 20:37:07.000,Variant 1,1,Completed,Medium,Closed,Org line C,E_4,us,G88 2nd,PROD793,INDIA
1-579517011,Accepted-In Progress,Suzanne,2011/09/30 21:56:38.000,Variant 1,1,Accepted,Medium,In Progress,Org line V2,,se,T2 2nd,PROD615,Sweden
1-579517011,Accepted-Wait,Suzanne,2012/01/20 00:16:24.000,Variant 1,1,Accepted,Medium,Wait,Org line V2,,se,T2 2nd,PROD615,Sweden
1-579517011,Completed-Closed,Suzanne,2012/04/11 17:02:18.000,Variant 1,1,Completed,Medium,Closed,Org line V2,,se,T2 2nd,PROD615,Sweden
1-584047671,Accepted-In Progress,Abhinav,2011/10/10 17:23:44.000,Variant 1,1,Accepted,High,In Progress,Org line A2,A2_4,se,G105 2nd,PROD337,Sweden
1-584047671,Accepted-Wait,Abhinav,2011/10/10 17:24:36.000,Variant 1,1,Accepted,High,Wait,Org line A2,A2_4,se,G105 2nd,PROD337,Sweden
1-584047671,Completed-Closed,Abhinav,2012/03/26 15:12:51.000,Variant 1,1,Completed,High,Closed,Org line A2,A2_4,se,G105 2nd,PROD337,Sweden
1-584776062,Accepted-In Progress,Samira,2011/10/11 21:38:52.000,Variant 1,1,Accepted,High,In Progress,Org line G4,,se,S33 2nd,PROD448,Sweden
1-584776062,Accepted-Wait,Samira,2011/12/09 17:26:24.000,Variant 1,1,Accepted,High,Wait,Org line G4,,se,S33 2nd,PROD448,Sweden
1-584776062,Completed-Closed,Samira,2012/02/16 00:20:49.000,Variant 1,1,Completed,High,Closed,Org line G4,,se,S33 2nd,PROD448,Sweden
1-588566574,Accepted-In Progress,Kjell,2011/10/17 22:10:55.000,Variant 1,1,Accepted,High,In Progress,Org line C,E_8,in,G186 2nd,PROD474,Sweden
1-588566574,Accepted-Wait,Kjell,2012/02/01 14:56:35.000,Variant 1,1,Accepted,High,Wait,Org line C,E_8,in,G186 2nd,PROD474,Sweden
1-588566574,Completed-Closed,Kjell,2012/02/07 14:47:48.000,Variant 1,1,Completed,High,Closed,Org line C,E_8,in,G186 2nd,PROD474,Sweden
1-602396115,Accepted-In Progress,Jenny,2011/11/04 17:27:04.000,Variant 1,1,Accepted,Low,In Progress,Org line G1,E_6,se,G358 2nd,PROD380,Sweden
1-602396115,Accepted-Wait,Jenny,2011/11/04 19:23:05.000,Variant 1,1,Accepted,Low,Wait,Org line G1,E_6,se,G358 2nd,PROD380,Sweden
1-602396115,Completed-Closed,Jenny,2012/05/21 19:49:52.000,Variant 1,1,Completed,Low,Closed,Org line G1,E_6,se,G358 2nd,PROD380,Sweden
1-604604928,Accepted-In Progress,J,2011/11/08 19:29:53.000,Variant 1,1,Accepted,Medium,In Progress,Org line C,E_4,us,G88 2nd,PROD348,INDIA
1-604604928,Accepted-Wait,J,2011/11/08 19:54:05.000,Variant 1,1,Accepted,Medium,Wait,Org line C,E_4,us,G88 2nd,PROD348,INDIA
1-604604928,Completed-Closed,J,2012/01/11 12:34:37.000,Variant 1,1,Completed,Medium,Closed,Org line C,E_4,us,G88 2nd,PROD348,INDIA
1-605034229,Accepted-In Progress,Henrik,2011/11/09 16:17:08.000,Variant 1,1,Accepted,High,In Progress,Org line C,E_8,in,G186 2nd,PROD476,Sweden
1-605034229,Accepted-Wait,Henrik,2011/11/09 16:17:58.000,Variant 1,1,Accepted,High,Wait,Org line C,E_8,in,G186 2nd,PROD476,Sweden
1-605034229,Completed-Closed,Henrik,2012/01/18 20:50:24.000,Variant 1,1,Completed,High,Closed,Org line C,E_8,in,G186 2nd,PROD476,Sweden
1-605728578,Accepted-In Progress,Gitt,2011/11/10 18:46:15.000,Variant 1,1,Accepted,Low,In Progress,Org line C,E_2,se,G57 2nd,PROD329,Sweden
1-605728578,Accepted-Wait,Gitt,2011/11/10 18:52:04.000,Variant 1,1,Accepted,Low,Wait,Org line C,E_2,se,G57 2nd,PROD329,Sweden
1-605728578,Completed-Closed,Gitt,2012/01/09 20:36:47.000,Variant 1,1,Completed,Low,Closed,Org line C,E_2,se,G57 2nd,PROD329,Sweden
1-606441115,Accepted-In Progress,Björn,2011/11/11 22:55:57.000,Variant 1,1,Accepted,High,In Progress,Org line C,C_6,se,G268 3rd,PROD802,Sweden
1-606441115,Accepted-Wait,Björn,2012/03/05 20:19:28.000,Variant 1,1,Accepted,High,Wait,Org line C,C_6,se,G268 3rd,PROD802,Sweden
1-606441115,Completed-Closed,Björn,2012/03/05 20:20:03.000,Variant 1,1,Completed,High,Closed,Org line C,C_6,se,G268 3rd,PROD802,Sweden
1-607520800,Accepted-In Progress,Mikael,2011/11/15 16:26:37.000,Variant 1,1,Accepted,Major,In Progress,Org line G4,,se,S33 2nd,PROD659,Sweden
1-607520800,Accepted-Wait,Mikael,2011/12/09 19:12:43.000,Variant 1,1,Accepted,Major,Wait,Org line G4,,se,S33 2nd,PROD659,Sweden
1-607520800,Completed-Closed,Mikael,2012/03/19 23:07:06.000,Variant 1,1,Completed,Major,Closed,Org line G4,,se,S33 2nd,PROD659,Sweden
1-611506787,Accepted-In Progress,Börje,2011/11/18 15:28:00.000,Variant 1,1,Accepted,Low,In Progress,Org line C,C_1,se,G100 3rd,PROD153,Sweden
1-611506787,Accepted-Wait,Börje,2011/12/27 21:47:10.000,Variant 1,1,Accepted,Low,Wait,Org line C,C_1,se,G100 3rd,PROD153,Sweden
1-611506787,Completed-Closed,Börje,2012/01/03 17:49:38.000,Variant 1,1,Completed,Low,Closed,Org line C,C_1,se,G100 3rd,PROD153,Sweden
1-611605221,Accepted-In Progress,Mikael,2011/11/18 18:16:41.000,Variant 1,1,Accepted,High,In Progress,Org line G4,,se,S33 2nd,PROD448,Sweden
1-611605221,Accepted-Wait,Mikael,2012/01/20 00:12:53.000,Variant 1,1,Accepted,High,Wait,Org line G4,,se,S33 2nd,PROD448,Sweden
1-611605221,Completed-Closed,Mikael,2012/01/26 01:27:07.000,Variant 1,1,Completed,High,Closed,Org line G4,,se,S33 2nd,PROD448,Sweden
1-615905511,Accepted-In Progress,Joakim,2011/11/24 14:34:09.000,Variant 1,1,Accepted,High,In Progress,Org line C,C_6,se,G290 3rd,PROD154,Sweden
1-615905511,Accepted-Wait,Joakim,2012/02/07 22:03:51.000,Variant 1,1,Accepted,High,Wait,Org line C,C_6,se,G290 3rd,PROD154,Sweden
1-615905511,Completed-Closed,Joakim,2012/04/25 22:00:33.000,Variant 1,1,Completed,High,Closed,Org line C,C_6,se,G290 3rd,PROD154,Sweden
1-617084616,Accepted-In Progress,Roland,2011/11/25 23:02:27.000,Variant 1,1,Accepted,Medium,In Progress,Org line G4,,se,S33 2nd,PROD374,Sweden
1-617084616,Accepted-Wait,Roland,2011/12/05 15:23:00.000,Variant 1,1,Accepted,Medium,Wait,Org line G4,,se,S33 2nd,PROD374,Sweden
1-617084616,Completed-Closed,Roland,2012/02/09 04:55:10.000,Variant 1,1,Completed,Medium,Closed,Org line G4,,se,S33 2nd,PROD374,Sweden
1-617389027,Accepted-In Progress,Yue,2011/11/28 17:16:12.000,Variant 1,1,Accepted,Major,In Progress,Org line A2,A2_5,se,G350 2nd,PROD92,China
1-617389027,Accepted-Wait,Yue,2011/11/30 09:11:40.000,Variant 1,1,Accepted,Major,Wait,Org line A2,A2_5,se,G350 2nd,PROD92,China
1-617389027,Completed-Closed,Yue,2012/01/05 09:06:21.000,Variant 1,1,Completed,Major,Closed,Org line A2,A2_5,se,G350 2nd,PROD92,China
1-618171180,Accepted-In Progress,J,2011/11/30 17:02:03.000,Variant 1,1,Accepted,Medium,In Progress,Org line C,E_4,us,G88 2nd,PROD701,INDIA
1-618171180,Accepted-Wait,J,2011/11/30 17:13:35.000,Variant 1,1,Accepted,Medium,Wait,Org line C,E_4,us,G88 2nd,PROD701,INDIA
1-618171180,Completed-Closed,J,2012/01/03 19:57:51.000,Variant 1,1,Completed,Medium,Closed,Org line C,E_4,us,G88 2nd,PROD701,INDIA
1-619232031,Accepted-In Progress,Peter,2011/12/02 22:29:22.000,Variant 1,1,Accepted,Major,In Progress,Org line C,C_6,se,G290 3rd,PROD659,Sweden
1-619232031,Accepted-Wait,Peter,2011/12/12 20:12:58.000,Variant 1,1,Accepted,Major,Wait,Org line C,C_6,se,G290 3rd,PROD659,Sweden
1-619232031,Completed-Closed,Peter,2012/02/01 21:43:46.000,Variant 1,1,Completed,Major,Closed,Org line C,C_6,se,G290 3rd,PROD659,Sweden
1-622295317,Accepted-In Progress,Frederic,2011/12/12 22:33:32.000,Variant 1,1,Accepted,Medium,In Progress,Org line A2,A2_2,fr,G22 2nd,PROD631,France
1-622295317,Accepted-Wait,Frederic,2012/03/02 18:22:18.000,Variant 1,1,Accepted,Medium,Wait,Org line A2,A2_2,fr,G22 2nd,PROD631,France
1-622295317,Completed-Closed,Frederic,2012/03/22 22:45:50.000,Variant 1,1,Completed,Medium,Closed,Org line A2,A2_2,fr,G22 2nd,PROD631,France
1-622630582,Accepted-In Progress,Matthew,2011/12/13 13:47:00.000,Variant 1,1,Accepted,Low,In Progress,Org line C,E_10,cn,G293 2nd,PROD826,China
1-622630582,Accepted-Wait,Matthew,2011/12/20 09:43:10.000,Variant 1,1,Accepted,Low,Wait,Org line C,E_10,cn,G293 2nd,PROD826,China
1-622630582,Completed-Closed,Matthew,2012/05/23 10:53:03.000,Variant 1,1,Completed,Low,Closed,Org line C,E_10,cn,G293 2nd,PROD826,China
1-622884303,Accepted-In Progress,Mikael,2011/12/13 20:28:06.000,Variant 1,1,Accepted,Medium,In Progress,Org line A2,A2_4,se,G105 2nd,PROD337,Sweden
1-622884303,Accepted-Wait,Mikael,2011/12/21 21:15:37.000,Variant 1,1,Accepted,Medium,Wait,Org line A2,A2_4,se,G105 2nd,PROD337,Sweden
1-622884303,Completed-Closed,Mikael,2012/03/27 15:52:39.000,Variant 1,1,Completed,Medium,Closed,Org line A2,A2_4,se,G105 2nd,PROD337,Sweden
1-624450715,Accepted-In Progress,Mikael,2011/12/15 22:23:36.000,Variant 1,1,Accepted,High,In Progress,Org line C,E_6,se,G48 2nd,PROD148,Sweden
1-624450715,Accepted-Wait,Mikael,2011/12/15 22:23:45.000,Variant 1,1,Accepted,High,Wait,Org line C,E_6,se,G48 2nd,PROD148,Sweden
1-624450715,Completed-Closed,Mikael,2012/03/30 20:07:57.000,Variant 1,1,Completed,High,Closed,Org line C,E_6,se,G48 2nd,PROD148,Sweden
1-625634702,Accepted-In Progress,Kwewat,2011/12/19 15:49:47.000,Variant 1,1,Accepted,High,In Progress,Org line B,A2_1,cn,D1,PROD350,THAILAND
1-625634702,Accepted-Wait,Kwewat,2011/12/19 16:13:42.000,Variant 1,1,Accepted,High,Wait,Org line B,A2_1,cn,D1,PROD350,THAILAND
1-625634702,Completed-Closed,Kwewat,2012/01/18 12:53:58.000,Variant 1,1,Completed,High,Closed,Org line B,A2_1,cn,D1,PROD350,THAILAND
1-625634824,Accepted-In Progress,Kwewat,2011/12/19 15:57:11.000,Variant 1,1,Accepted,Medium,In Progress,Org line B,A2_1,cn,D1,PROD350,THAILAND
1-625634824,Accepted-Wait,Kwewat,2011/12/19 16:13:17.000,Variant 1,1,Accepted,Medium,Wait,Org line B,A2_1,cn,D1,PROD350,THAILAND
1-625634824,Completed-Closed,Kwewat,2012/01/20 15:24:03.000,Variant 1,1,Completed,Medium,Closed,Org line B,A2_1,cn,D1,PROD350,THAILAND
1-625634936,Accepted-In Progress,Kwewat,2011/12/19 16:03:01.000,Variant 1,1,Accepted,High,In Progress,Org line B,A2_1,cn,D1,PROD350,THAILAND
1-625634936,Accepted-Wait,Kwewat,2011/12/19 16:12:46.000,Variant 1,1,Accepted,High,Wait,Org line B,A2_1,cn,D1,PROD350,THAILAND
1-625634936,Completed-Closed,Kwewat,2012/04/09 11:19:42.000,Variant 1,1,Completed,High,Closed,Org line B,A2_1,cn,D1,PROD350,THAILAND
1-626462354,Accepted-In Progress,Karin,2011/12/20 15:59:29.000,Variant 1,1,Accepted,Low,In Progress,Org line A2,A2_1,se,N7 2nd,PROD746,Sweden
1-626462354,Accepted-Wait,Karin,2012/02/02 17:43:55.000,Variant 1,1,Accepted,Low,Wait,Org line A2,A2_1,se,N7 2nd,PROD746,Sweden
1-626462354,Completed-Closed,Karin,2012/04/17 17:02:51.000,Variant 1,1,Completed,Low,Closed,Org line A2,A2_1,se,N7 2nd,PROD746,Sweden
1-635404161,Accepted-In Progress,Patrik,2012/01/05 21:10:14.000,Variant 1,1,Accepted,Low,In Progress,Org line C,E_4,in,G93 2nd,PROD325,Sweden
1-635404161,Accepted-Wait,Patrik,2012/01/05 21:10:27.000,Variant 1,1,Accepted,Low,Wait,Org line C,E_4,in,G93 2nd,PROD325,Sweden
1-635404161,Completed-Closed,Patrik,2012/01/24 16:30:20.000,Variant 1,1,Completed,Low,Closed,Org line C,E_4,in,G93 2nd,PROD325,Sweden
1-637580967,Accepted-In Progress,J,2012/01/10 16:32:32.000,Variant 1,1,Accepted,Medium,In Progress,Org line C,E_4,us,G88 2nd,PROD815,INDIA
1-637580967,Accepted-Wait,J,2012/01/10 16:39:27.000,Variant 1,1,Accepted,Medium,Wait,Org line C,E_4,us,G88 2nd,PROD815,INDIA
1-637580967,Completed-Closed,J,2012/01/18 12:47:11.000,Variant 1,1,Completed,Medium,Closed,Org line C,E_4,us,G88 2nd,PROD815,INDIA
1-653135006,Accepted-In Progress,Mariusz,2012/01/26 21:00:51.000,Variant 1,1,Accepted,Medium,In Progress,Org line A2,A2_3,se,G362 3rd,PROD241,POLAND
1-653135006,Accepted-Wait,Mariusz,2012/01/26 21:06:40.000,Variant 1,1,Accepted,Medium,Wait,Org line A2,A2_3,se,G362 3rd,PROD241,POLAND
1-653135006,Completed-Closed,Mariusz,2012/02/06 16:25:12.000,Variant 1,1,Completed,Medium,Closed,Org line A2,A2_3,se,G362 3rd,PROD241,POLAND
1-653254236,Accepted-In Progress,Miroslaw,2012/01/26 23:50:33.000,Variant 1,1,Accepted,Medium,In Progress,Org line A2,A2_1,pl,W16 3rd,PROD761,POLAND
1-653254236,Accepted-Wait,Miroslaw,2012/01/26 23:52:01.000,Variant 1,1,Accepted,Medium,Wait,Org line A2,A2_1,pl,W16 3rd,PROD761,POLAND
1-653254236,Completed-Closed,Miroslaw,2012/05/23 23:34:17.000,Variant 1,1,Completed,Medium,Closed,Org line A2,A2_1,pl,W16 3rd,PROD761,POLAND
1-655607132,Accepted-In Progress,Manoj,2012/01/30 23:59:26.000,Variant 1,1,Accepted,Medium,In Progress,Org line C,E_10,in,G276 2nd,PROD698,Sweden
1-655607132,Accepted-Wait,Manoj,2012/01/31 00:17:03.000,Variant 1,1,Accepted,Medium,Wait,Org line C,E_10,in,G276 2nd,PROD698,Sweden
1-655607132,Completed-Closed,Manoj,2012/02/10 23:20:32.000,Variant 1,1,Completed,Medium,Closed,Org line C,E_10,in,G276 2nd,PROD698,Sweden
1-658063672,Accepted-In Progress,Mikael,2012/02/02 22:49:18.000,Variant 1,1,Accepted,High,In Progress,Org line C,C_6,se,G273 3rd,PROD802,Sweden
1-658063672,Accepted-Wait,Mikael,2012/03/01 17:28:47.000,Variant 1,1,Accepted,High,Wait,Org line C,C_6,se,G273 3rd,PROD802,Sweden
1-658063672,Completed-Closed,Mikael,2012/05/09 20:12:09.000,Variant 1,1,Completed,High,Closed,Org line C,C_6,se,G273 3rd,PROD802,Sweden
1-658537939,Accepted-In Progress,Mariusz,2012/02/03 18:01:25.000,Variant 1,1,Accepted,High,In Progress,Org line A2,A2_3,se,G362 3rd,PROD241,POLAND
1-658537939,Accepted-Wait,Mariusz,2012/02/03 18:08:25.000,Variant 1,1,Accepted,High,Wait,Org line A2,A2_3,se,G362 3rd,PROD241,POLAND
1-658537939,Completed-Closed,Mariusz,2012/02/06 16:23:27.000,Variant 1,1,Completed,High,Closed,Org line A2,A2_3,se,G362 3rd,PROD241,POLAND
1-658594692,Accepted-In Progress,Grzegorz,2012/02/03 21:55:04.000,Variant 1,1,Accepted,Medium,In Progress,Org line A2,A2_3,pl,N26 2nd,PROD791,POLAND
1-658594692,Accepted-Wait,Grzegorz,2012/02/08 17:07:57.000,Variant 1,1,Accepted,Medium,Wait,Org line A2,A2_3,pl,N26 2nd,PROD791,POLAND
1-658594692,Completed-Closed,Grzegorz,2012/04/23 19:39:22.000,Variant 1,1,Completed,Medium,Closed,Org line A2,A2_3,pl,N26 2nd,PROD791,POLAND
1-659137375,Accepted-In Progress,Irfan,2012/02/06 14:53:05.000,Variant 1,1,Accepted,Medium,In Progress,Org line C,E_4,us,G88 2nd,PROD181,INDIA
1-659137375,Accepted-Wait,Irfan,2012/02/06 16:47:54.000,Variant 1,1,Accepted,Medium,Wait,Org line C,E_4,us,G88 2nd,PROD181,INDIA
1-659137375,Completed-Closed,Irfan,2012/03/29 14:30:58.000,Variant 1,1,Completed,Medium,Closed,Org line C,E_4,us,G88 2nd,PROD181,INDIA
1-660393401,Accepted-In Progress,Martin,2012/02/08 00:09:58.000,Variant 1,1,Accepted,Low,In Progress,Org line C,C_6,se,G273 3rd,PROD802,Sweden
1-660393401,Accepted-Wait,Martin,2012/02/21 20:49:07.000,Variant 1,1,Accepted,Low,Wait,Org line C,C_6,se,G273 3rd,PROD802,Sweden
1-660393401,Completed-Closed,Martin,2012/02/28 16:49:20.000,Variant 1,1,Completed,Low,Closed,Org line C,C_6,se,G273 3rd,PROD802,Sweden
1-660786538,Accepted-In Progress,Pascal,2012/02/08 20:18:12.000,Variant 1,1,Accepted,Medium,In Progress,Org line C,C_6,se,G273 3rd,PROD804,Sweden
1-660786538,Accepted-Wait,Pascal,2012/02/08 20:27:33.000,Variant 1,1,Accepted,Medium,Wait,Org line C,C_6,se,G273 3rd,PROD804,Sweden
1-660786538,Completed-Closed,Pascal,2012/04/11 19:56:45.000,Variant 1,1,Completed,Medium,Closed,Org line C,C_6,se,G273 3rd,PROD804,Sweden
1-661706786,Accepted-In Progress,Saki,2012/02/09 18:25:45.000,Variant 1,1,Accepted,High,In Progress,Org line A2,A2_4,us,G113 2nd,PROD521,Sweden
1-661706786,Accepted-Wait,Saki,2012/02/17 00:15:37.000,Variant 1,1,Accepted,High,Wait,Org line A2,A2_4,us,G113 2nd,PROD521,Sweden
1-661706786,Completed-Closed,Saki,2012/05/02 16:07:53.000,Variant 1,1,Completed,High,Closed,Org line A2,A2_4,us,G113 2nd,PROD521,Sweden
1-662272981,Accepted-In Progress,Bengt,2012/02/09 20:51:54.000,Variant 1,1,Accepted,Medium,In Progress,Org line A2,D_1,se,L38 3rd,PROD607,Sweden
1-662272981,Accepted-Wait,Bengt,2012/02/13 17:53:18.000,Variant 1,1,Accepted,Medium,Wait,Org line A2,D_1,se,L38 3rd,PROD607,Sweden
1-662272981,Completed-Closed,Bengt,2012/02/22 17:49:01.000,Variant 1,1,Completed,Medium,Closed,Org line A2,D_1,se,L38 3rd,PROD607,Sweden
1-663749238,Accepted-In Progress,Jitender,2012/02/09 23:57:01.000,Variant 1,1,Accepted,Low,In Progress,Org line C,E_10,in,G263 2nd,PROD104,Sweden
1-663749238,Accepted-Wait,Jitender,2012/02/10 00:21:03.000,Variant 1,1,Accepted,Low,Wait,Org line C,E_10,in,G263 2nd,PROD104,Sweden
1-663749238,Completed-Closed,Jitender,2012/02/27 23:16:08.000,Variant 1,1,Completed,Low,Closed,Org line C,E_10,in,G263 2nd,PROD104,Sweden
1-664730121,Accepted-In Progress,Aditi,2012/02/10 16:47:38.000,Variant 1,1,Accepted,Medium,In Progress,Org line C,E_10,in,G271 2nd,PROD802,Sweden
1-664730121,Accepted-Wait,Aditi,2012/02/10 17:03:08.000,Variant 1,1,Accepted,Medium,Wait,Org line C,E_10,in,G271 2nd,PROD802,Sweden
1-664730121,Completed-Closed,Aditi,2012/02/17 21:38:15.000,Variant 1,1,Completed,Medium,Closed,Org line C,E_10,in,G271 2nd,PROD802,Sweden
1-671933304,Accepted-In Progress,Lisbeth,2012/02/13 23:50:57.000,Variant 1,1,Accepted,Medium,In Progress,Org line A2,A2_5,se,A10,PROD320,Sweden
1-671933304,Accepted-Wait,Lisbeth,2012/02/23 16:22:58.000,Variant 1,1,Accepted,Medium,Wait,Org line A2,A2_5,se,A10,PROD320,Sweden
1-671933304,Completed-Closed,Lisbeth,2012/04/16 17:55:25.000,Variant 1,1,Completed,Medium,Closed,Org line A2,A2_5,se,A10,PROD320,Sweden
1-673487817,Accepted-In Progress,Pratap,2012/02/15 02:00:21.000,Variant 1,1,Accepted,Medium,In Progress,Org line C,E_4,in,G87 2nd,PROD168,INDIA
1-673487817,Accepted-Wait,Pratap,2012/02/20 15:40:07.000,Variant 1,1,Accepted,Medium,Wait,Org line C,E_4,in,G87 2nd,PROD168,INDIA
1-673487817,Completed-Closed,Pratap,2012/02/21 01:07:08.000,Variant 1,1,Completed,Medium,Closed,Org line C,E_4,in,G87 2nd,PROD168,INDIA
1-675046360,Accepted-In Progress,Lisbeth,2012/02/15 22:53:08.000,Variant 1,1,Accepted,Medium,In Progress,Org line A2,A2_5,se,A10,PROD320,Sweden
1-675046360,Accepted-Wait,Lisbeth,2012/02/22 20:45:37.000,Variant 1,1,Accepted,Medium,Wait,Org line A2,A2_5,se,A10,PROD320,Sweden
1-675046360,Completed-Closed,Lisbeth,2012/03/09 23:21:48.000,Variant 1,1,Completed,Medium,Closed,Org line A2,A2_5,se,A10,PROD320,Sweden
1-675758382,Accepted-In Progress,Lisbeth,2012/02/15 23:05:28.000,Variant 1,1,Accepted,Medium,In Progress,Org line A2,A2_5,se,A10,PROD320,Sweden
1-675758382,Accepted-Wait,Lisbeth,2012/02/22 20:46:24.000,Variant 1,1,Accepted,Medium,Wait,Org line A2,A2_5,se,A10,PROD320,Sweden
1-675758382,Completed-Closed,Lisbeth,2012/03/09 23:20:43.000,Variant 1,1,Completed,Medium,Closed,Org line A2,A2_5,se,A10,PROD320,Sweden
1-682409211,Accepted-In Progress,Kamal,2012/02/19 01:22:04.000,Variant 1,1,Accepted,Low,In Progress,Org line C,E_10,in,G271 2nd,PROD802,Sweden
1-682409211,Accepted-Wait,Kamal,2012/02/19 01:25:53.000,Variant 1,1,Accepted,Low,Wait,Org line C,E_10,in,G271 2nd,PROD802,Sweden
1-682409211,Completed-Closed,Kamal,2012/03/21 07:13:04.000,Variant 1,1,Completed,Low,Closed,Org line C,E_10,in,G271 2nd,PROD802,Sweden
1-682409241,Accepted-In Progress,Kamal,2012/02/19 01:50:31.000,Variant 1,1,Accepted,Low,In Progress,Org line C,E_10,in,G271 2nd,PROD802,Sweden
1-682409241,Accepted-Wait,Kamal,2012/02/19 01:50:52.000,Variant 1,1,Accepted,Low,Wait,Org line C,E_10,in,G271 2nd,PROD802,Sweden
1-682409241,Completed-Closed,Kamal,2012/04/16 16:50:57.000,Variant 1,1,Completed,Low,Closed,Org line C,E_10,in,G271 2nd,PROD802,Sweden
1-685300128,Accepted-In Progress,Joakim,2012/02/21 23:21:18.000,Variant 1,1,Accepted,High,In Progress,Org line C,E_9,se,N12 2nd,PROD745,Sweden
1-685300128,Accepted-Wait,Joakim,2012/03/12 20:08:56.000,Variant 1,1,Accepted,High,Wait,Org line C,E_9,se,N12 2nd,PROD745,Sweden
1-685300128,Completed-Closed,Joakim,2012/04/23 16:07:28.000,Variant 1,1,Completed,High,Closed,Org line C,E_9,se,N12 2nd,PROD745,Sweden
1-686966285,Accepted-In Progress,Tapan,2012/02/23 20:17:24.000,Variant 1,1,Accepted,Low,In Progress,Org line C,E_4,in,G87 2nd,PROD565,INDIA
1-686966285,Accepted-Wait,Tapan,2012/02/23 20:20:29.000,Variant 1,1,Accepted,Low,Wait,Org line C,E_4,in,G87 2nd,PROD565,INDIA
1-686966285,Completed-Closed,Tapan,2012/03/21 23:21:47.000,Variant 1,1,Completed,Low,Closed,Org line C,E_4,in,G87 2nd,PROD565,INDIA
1-689160381,Accepted-In Progress,Stefan,2012/02/28 16:27:52.000,Variant 1,1,Accepted,Medium,In Progress,Org line A2,D_1,se,L38 3rd,PROD607,Sweden
1-689160381,Accepted-Wait,Stefan,2012/03/28 20:02:39.000,Variant 1,1,Accepted,Medium,Wait,Org line A2,D_1,se,L38 3rd,PROD607,Sweden
1-689160381,Completed-Closed,Stefan,2012/05/16 17:16:51.000,Variant 1,1,Completed,Medium,Closed,Org line A2,D_1,se,L38 3rd,PROD607,Sweden
1-689252781,Accepted-In Progress,Suresh,2012/02/28 16:57:37.000,Variant 1,1,Accepted,Low,In Progress,Org line C,E_4,in,G93 2nd,PROD325,INDIA
1-689252781,Accepted-Wait,Suresh,2012/02/28 20:39:08.000,Variant 1,1,Accepted,Low,Wait,Org line C,E_4,in,G93 2nd,PROD325,INDIA
1-689252781,Completed-Closed,Suresh,2012/03/30 18:00:46.000,Variant 1,1,Completed,Low,Closed,Org line C,E_4,in,G93 2nd,PROD325,INDIA
1-689525975,Accepted-In Progress,Roland,2012/02/28 23:30:43.000,Variant 1,1,Accepted,Medium,In Progress,Org line G4,,se,S33 2nd,PROD374,Sweden
1-689525975,Accepted-Wait,Roland,2012/02/29 01:05:04.000,Variant 1,1,Accepted,Medium,Wait,Org line G4,,se,S33 2nd,PROD374,Sweden
1-689525975,Completed-Closed,Roland,2012/03/30 16:00:24.000,Variant 1,1,Completed,Medium,Closed,Org line G4,,se,S33 2nd,PROD374,Sweden
1-690184941,Accepted-In Progress,Lisbeth,2012/02/29 15:15:32.000,Variant 1,1,Accepted,High,In Progress,Org line A2,A2_5,se,A10,PROD236,Sweden
1-690184941,Accepted-Wait,Lisbeth,2012/02/29 17:18:00.000,Variant 1,1,Accepted,High,Wait,Org line A2,A2_5,se,A10,PROD236,Sweden
1-690184941,Completed-Closed,Lisbeth,2012/03/05 23:27:15.000,Variant 1,1,Completed,High,Closed,Org line A2,A2_5,se,A10,PROD236,Sweden
1-690190570,Accepted-In Progress,Ahmad,2012/02/29 20:11:36.000,Variant 1,1,Accepted,High,In Progress,Org line C,E_1,se,L1 2nd,PROD153,Sweden
1-690190570,Accepted-Wait,Ahmad,2012/03/14 23:20:08.000,Variant 1,1,Accepted,High,Wait,Org line C,E_1,se,L1 2nd,PROD153,Sweden
1-690190570,Completed-Closed,Ahmad,2012/04/30 22:26:59.000,Variant 1,1,Completed,High,Closed,Org line C,E_1,se,L1 2nd,PROD153,Sweden
1-690419865,Accepted-In Progress,Tomasz,2012/02/29 22:00:11.000,Variant 1,1,Accepted,High,In Progress,Org line A2,D_1,pl,W14 2nd,PROD784,POLAND
1-690419865,Accepted-Wait,Tomasz,2012/03/12 22:43:18.000,Variant 1,1,Accepted,High,Wait,Org line A2,D_1,pl,W14 2nd,PROD784,POLAND
1-690419865,Completed-Closed,Tomasz,2012/03/27 19:33:54.000,Variant 1,1,Completed,High,Closed,Org line A2,D_1,pl,W14 2nd,PROD784,POLAND
1-692813576,Accepted-In Progress,Tapan,2012/03/05 17:11:17.000,Variant 1,1,Accepted,Medium,In Progress,Org line C,E_4,in,G87 2nd,PROD565,INDIA
1-692813576,Accepted-Wait,Tapan,2012/03/14 17:36:57.000,Variant 1,1,Accepted,Medium,Wait,Org line C,E_4,in,G87 2nd,PROD565,INDIA
1-692813576,Completed-Closed,Tapan,2012/05/08 14:28:25.000,Variant 1,1,Completed,Medium,Closed,Org line C,E_4,in,G87 2nd,PROD565,INDIA
1-692959195,Accepted-In Progress,Devashish,2012/03/05 17:51:06.000,Variant 1,1,Accepted,Low,In Progress,Org line C,E_4,in,G93 2nd,PROD424,Sweden
1-692959195,Accepted-Wait,Devashish,2012/03/05 17:53:28.000,Variant 1,1,Accepted,Low,Wait,Org line C,E_4,in,G93 2nd,PROD424,Sweden
1-692959195,Completed-Closed,Devashish,2012/03/28 17:11:31.000,Variant 1,1,Completed,Low,Closed,Org line C,E_4,in,G93 2nd,PROD424,Sweden
1-695316021,Accepted-In Progress,Jian,2012/03/09 20:06:22.000,Variant 1,1,Accepted,Medium,In Progress,Org line C,E_8,in,G119 2nd,PROD597,Sweden
1-695316021,Accepted-Wait,Jian,2012/03/09 20:36:55.000,Variant 1,1,Accepted,Medium,Wait,Org line C,E_8,in,G119 2nd,PROD597,Sweden
1-695316021,Completed-Closed,Jian,2012/04/04 22:16:26.000,Variant 1,1,Completed,Medium,Closed,Org line C,E_8,in,G119 2nd,PROD597,Sweden
1-695748265,Accepted-In Progress,Giwan,2012/03/11 20:12:42.000,Variant 1,1,Accepted,Major,In Progress,Org line C,E_8,in,G119 2nd,PROD617,Korea
1-695748265,Accepted-Wait,Giwan,2012/03/19 11:56:02.000,Variant 1,1,Accepted,Major,Wait,Org line C,E_8,in,G119 2nd,PROD617,Korea
1-695748265,Completed-Closed,Giwan,2012/03/21 11:54:23.000,Variant 1,1,Completed,Major,Closed,Org line C,E_8,in,G119 2nd,PROD617,Korea
1-696839978,Accepted-In Progress,Ryouhei,2012/03/13 23:35:26.000,Variant 1,1,Accepted,Major,In Progress,Org line C,E_10,jp,S51 2nd,PROD408,Japan
1-696839978,Accepted-Wait,Ryouhei,2012/03/13 23:37:53.000,Variant 1,1,Accepted,Major,Wait,Org line C,E_10,jp,S51 2nd,PROD408,Japan
1-696839978,Completed-Closed,Ryouhei,2012/04/10 10:48:53.000,Variant 1,1,Completed,Major,Closed,Org line C,E_10,jp,S51 2nd,PROD408,Japan
1-698267095,Accepted-In Progress,Tamara,2012/03/16 15:48:29.000,Variant 1,1,Accepted,Low,In Progress,Org line C,A2_1,be,D2,PROD235,Belgium
1-698267095,Accepted-Wait,Tamara,2012/03/16 15:49:23.000,Variant 1,1,Accepted,Low,Wait,Org line C,A2_1,be,D2,PROD235,Belgium
1-698267095,Completed-Closed,Tamara,2012/03/16 15:51:06.000,Variant 1,1,Completed,Low,Closed,Org line C,A2_1,be,D2,PROD235,Belgium
1-698293715,Accepted-In Progress,Per-Olof,2012/03/16 16:22:37.000,Variant 1,1,Accepted,Medium,In Progress,Org line C,E_3,us,G67 2nd,PROD151,Sweden
1-698293715,Accepted-Wait,Per-Olof,2012/03/16 16:25:02.000,Variant 1,1,Accepted,Medium,Wait,Org line C,E_3,us,G67 2nd,PROD151,Sweden
1-698293715,Completed-Closed,Per-Olof,2012/04/13 22:33:52.000,Variant 1,1,Completed,Medium,Closed,Org line C,E_3,us,G67 2nd,PROD151,Sweden
1-698346154,Accepted-In Progress,Mohsin,2012/03/16 16:49:14.000,Variant 1,1,Accepted,Medium,In Progress,Org line C,E_5,in,G75,PROD327,INDIA
1-698346154,Accepted-Wait,Mohsin,2012/03/16 16:53:10.000,Variant 1,1,Accepted,Medium,Wait,Org line C,E_5,in,G75,PROD327,INDIA
1-698346154,Completed-Closed,Mohsin,2012/03/16 19:56:17.000,Variant 1,1,Completed,Medium,Closed,Org line C,E_5,in,G75,PROD327,INDIA
1-699140595,Accepted-In Progress,Sam,2012/03/19 19:55:17.000,Variant 1,1,Accepted,Medium,In Progress,Org line C,E_10,se,G138 2nd,PROD276,Sweden
1-699140595,Accepted-Wait,Sam,2012/03/19 19:58:49.000,Variant 1,1,Accepted,Medium,Wait,Org line C,E_10,se,G138 2nd,PROD276,Sweden
1-699140595,Completed-Closed,Sam,2012/03/22 20:02:23.000,Variant 1,1,Completed,Medium,Closed,Org line C,E_10,se,G138 2nd,PROD276,Sweden
1-703016242,Accepted-In Progress,Claes,2012/03/27 14:18:48.000,Variant 1,1,Accepted,Low,In Progress,Org line C,E_9,se,N12 2nd,PROD277,Sweden
1-703016242,Accepted-Wait,Claes,2012/03/27 14:24:17.000,Variant 1,1,Accepted,Low,Wait,Org line C,E_9,se,N12 2nd,PROD277,Sweden
1-703016242,Completed-Closed,Claes,2012/04/17 16:26:36.000,Variant 1,1,Completed,Low,Closed,Org line C,E_9,se,N12 2nd,PROD277,Sweden
1-703445951,Accepted-In Progress,Hannele,2012/03/27 22:31:37.000,Variant 1,1,Accepted,Low,In Progress,Org line A2,A2_3,se,G349 3rd,PROD750,Sweden
1-703445951,Accepted-Wait,Hannele,2012/03/30 19:31:38.000,Variant 1,1,Accepted,Low,Wait,Org line A2,A2_3,se,G349 3rd,PROD750,Sweden
1-703445951,Completed-Closed,Hannele,2012/04/17 16:52:33.000,Variant 1,1,Completed,Low,Closed,Org line A2,A2_3,se,G349 3rd,PROD750,Sweden
1-706226212,Accepted-In Progress,Jason,2012/03/31 16:00:45.000,Variant 1,1,Accepted,Medium,In Progress,Org line A2,A2_1,se,J2 2nd,PROD350,China
1-706226212,Accepted-Wait,Jason,2012/04/26 10:54:31.000,Variant 1,1,Accepted,Medium,Wait,Org line A2,A2_1,se,J2 2nd,PROD350,China
1-706226212,Completed-Closed,Jason,2012/05/09 21:29:51.000,Variant 1,1,Completed,Medium,Closed,Org line A2,A2_1,se,J2 2nd,PROD350,China
1-707623601,Accepted-In Progress,Mohsin,2012/04/03 16:10:52.000,Variant 1,1,Accepted,Medium,In Progress,Org line C,E_5,in,G75,PROD327,INDIA
1-707623601,Accepted-Wait,Mohsin,2012/04/03 17:01:40.000,Variant 1,1,Accepted,Medium,Wait,Org line C,E_5,in,G75,PROD327,INDIA
1-707623601,Completed-Closed,Mohsin,2012/04/03 18:17:36.000,Variant 1,1,Completed,Medium,Closed,Org line C,E_5,in,G75,PROD327,INDIA
1-718960811,Accepted-In Progress,Per-Olof,2012/04/16 16:17:43.000,Variant 1,1,Accepted,Medium,In Progress,Org line C,E_3,us,G67 2nd,PROD151,Sweden
1-718960811,Accepted-Wait,Per-Olof,2012/04/16 16:22:03.000,Variant 1,1,Accepted,Medium,Wait,Org line C,E_3,us,G67 2nd,PROD151,Sweden
1-718960811,Completed-Closed,Per-Olof,2012/05/07 21:04:40.000,Variant 1,1,Completed,Medium,Closed,Org line C,E_3,us,G67 2nd,PROD151,Sweden
1-722742993,Accepted-In Progress,Edward,2012/04/19 05:31:13.000,Variant 1,1,Accepted,High,In Progress,Org line C,,us,N6 2nd,PROD181,USA
1-722742993,Accepted-Wait,Edward,2012/04/20 01:51:03.000,Variant 1,1,Accepted,High,Wait,Org line C,,us,N6 2nd,PROD181,USA
1-722742993,Completed-Closed,Edward,2012/04/23 22:52:04.000,Variant 1,1,Completed,High,Closed,Org line C,,us,N6 2nd,PROD181,USA
1-726760342,Accepted-In Progress,Lars,2012/04/19 19:36:37.000,Variant 1,1,Accepted,Low,In Progress,Org line C,C_6,se,G268 3rd,PROD805,Sweden
1-726760342,Accepted-Wait,Lars,2012/04/19 19:37:20.000,Variant 1,1,Accepted,Low,Wait,Org line C,C_6,se,G268 3rd,PROD805,Sweden
1-726760342,Completed-Closed,Lars,2012/05/24 17:41:39.000,Variant 1,1,Completed,Low,Closed,Org line C,C_6,se,G268 3rd,PROD805,Sweden
1-728461114,Accepted-In Progress,Tarun,2012/04/20 19:01:51.000,Variant 1,1,Accepted,High,In Progress,Org line C,E_10,in,G288 2nd,PROD154,Sweden
1-728461114,Accepted-Wait,Tarun,2012/05/07 21:41:58.000,Variant 1,1,Accepted,High,Wait,Org line C,E_10,in,G288 2nd,PROD154,Sweden
1-728461114,Completed-Closed,Tarun,2012/05/19 03:14:41.000,Variant 1,1,Completed,High,Closed,Org line C,E_10,in,G288 2nd,PROD154,Sweden
1-730923421,Accepted-In Progress,Kamal,2012/04/24 21:09:13.000,Variant 1,1,Accepted,Low,In Progress,Org line C,E_10,in,G271 2nd,PROD802,Sweden
1-730923421,Accepted-Wait,Kamal,2012/04/24 21:09:47.000,Variant 1,1,Accepted,Low,Wait,Org line C,E_10,in,G271 2nd,PROD802,Sweden
1-730923421,Completed-Closed,Kamal,2012/05/10 23:56:14.000,Variant 1,1,Completed,Low,Closed,Org line C,E_10,in,G271 2nd,PROD802,Sweden
